1,4,10,2,20,U,1,44.25
2,4,10,2,20,S,1,127.0,0,1,1,1
3,4,10,2,20,U,1,40.75
4,4,10,2,20,S,1,57.75,1
5,4,10,2,20,S,1,57.75,0,0,1,1
6,4,10,2,20,S,1,97.5,1,1,0,1
7,4,10,2,20,S,1,71.5,0,0,1
8,4,10,2,20,U,1,15.25
9,4,10,2,20,U,1,49.5
10,4,10,2,20,U,1,83.25
11,8,16,2,32,U,1,83.75
12,8,16,2,32,U,1,287.5
13,8,16,2,32,S,1,158.75,1,0,0,0,1,-1,1
14,8,16,2,32,S,1,223.25,0,1,0,0,1,1,1,1
15,8,16,2,32,U,1,267.5
16,8,16,2,32,U,1,41.75
17,8,16,2,32,S,1,193.75,1,0,0,0,0,0,1
18,8,16,2,32,U,1,90.75
19,8,16,2,32,S,1,217.0,0,1,0,0,0,1,1
20,8,16,2,32,S,1,208.0,1,0,1,0,1,1,1,1
21,12,24,2,48,S,1,330.0,0,0,0,1,1,0,1,0,1,1,0,1
22,12,24,2,48,S,1,302.25,0,0,0,0,0,0,0,1,1,1
23,12,24,2,48,U,1,481.0
24,12,24,2,48,U,1,495.25
25,12,24,2,48,S,1,1117.5,1,0,0,0,1,1,0,1,1,1
26,12,24,2,48,U,1,769.5
27,12,24,2,48,U,1,89.0
28,12,24,2,48,S,1,1515.0,1,0,1,0,1,0,0,-1,0,1,1,1
29,12,24,2,48,U,1,1702.0
30,12,24,2,48,S,1,693.5,0,0,1,1,0,1,1,1,1,1,1
31,16,32,2,64,S,1,2607.0,0,0,0,1,0,1,1,0,1,0,0,1,1
32,16,32,2,64,U,1,874.5
33,16,32,2,64,S,1,606.25,0,1,0,1,0,1,0,1,1,0,0,1,1,1,1,1
34,16,32,2,64,S,1,1446.75,0,1,0,1,1,0,0,0,0,1,0,1,1,0,1,1
35,16,32,2,64,U,1,620.75
36,16,32,2,64,S,1,819.75,0,1,0,1,0,0,1,1,1,1,0,1,0,1,1,1
37,16,32,2,64,U,1,2001.75
38,16,32,2,64,U,1,2489.5
39,16,32,2,64,S,1,1292.25,1,0,1,1,0,0,1,0,0,0,1,1,0,0,1
40,16,32,2,64,U,1,1322.25
41,18,36,2,72,U,1,1025.5
42,18,36,2,72,U,1,1507.5
43,18,36,2,72,U,1,586.75
44,18,36,2,72,U,1,1710.0
45,18,36,2,72,U,1,2481.25
46,18,36,2,72,U,1,8406.75
47,18,36,2,72,U,1,6839.5
48,18,36,2,72,S,1,960.0,1,1,1,0,1,0,0,0,0,0,0,0,1,0,1
49,18,36,2,72,U,1,968.5
50,18,36,2,72,S,1,1421.5,0,0,1,1,0,0,0,0,1,0,1
51,20,40,2,80,U,1,1479.5
52,20,40,2,80,U,1,10046.25
53,20,40,2,80,S,1,1137.75,0,0,1,0,0,1,1,0,0,0,0,0,1,0,1,0,1,0,0,1
54,20,40,2,80,U,1,3527.5
55,20,40,2,80,U,1,3415.75
56,20,40,2,80,U,1,135.75
57,20,40,2,80,U,1,2404.75
58,20,40,2,80,S,1,1473.5,1,1,0,0,0,1,0,0,0,0,0,1,0,-1,1,1,-1,1,1
59,20,40,2,80,U,1,875.5
60,20,40,2,80,S,1,2550.0,0,0,0,0,1,0,0,0,0,0,0,1,0,0,0,0,0,1
61,22,44,2,88,S,1,6315.75,1,0,1,1,1,0,1,0,1,0,1,0,1,0,0,0,0,0,1,1
62,22,44,2,88,U,1,1748.75
63,22,44,2,88,U,1,2996.0
64,22,44,2,88,U,1,530.5
65,22,44,2,88,U,1,4320.0
66,22,44,2,88,U,1,79.5
67,22,44,2,88,U,1,7181.75
68,22,44,2,88,U,1,3257.75
69,22,44,2,88,U,1,3612.0
70,22,44,2,88,U,1,369.0
71,24,48,2,96,S,1,9277.5,0,0,1,1,0,-1,1,1,1,0,0,0,0,1,0,1,0,1,1
72,24,48,2,96,U,1,1191.5
73,24,48,2,96,U,1,4813.0
74,24,48,2,96,S,1,1377.25,0,1,1,1,0,1,0,1,0,0,0,0,0,1,0,0,0,0,1,0,1,0,1,1
75,24,48,2,96,U,1,2234.75
76,24,48,2,96,U,1,11706.5
77,24,48,2,96,U,1,101.5
78,24,48,2,96,U,1,5508.5
79,24,48,2,96,U,1,2945.25
80,24,48,2,96,S,1,6924.5,1,1,0,0,1,0,1,0,0,1,1,1,1,1,1,1,0,1,1,1,0,-1,0,1
81,4,20,3,60,U,1,144.25
82,4,20,3,60,S,1,98.0,1
83,4,20,3,60,S,1,104.5,0,1,1
84,4,20,3,60,S,1,125.0,1,1,1
85,4,20,3,60,U,1,311.75
86,4,20,3,60,S,1,216.75,1,1,0,1
87,4,20,3,60,U,1,187.0
88,4,20,3,60,U,1,166.25
89,4,20,3,60,U,1,270.75
90,4,20,3,60,S,1,152.0,1,0,1
91,8,40,3,120,S,1,1031.0,0,1,1,1,1,0,0,1
92,8,40,3,120,S,1,371.0,1,0,0,1
93,8,40,3,120,S,1,567.25,1,0,0,1,0,1,1
94,8,40,3,120,U,1,2760.75
95,8,40,3,120,U,1,2010.25
96,8,40,3,120,U,1,1954.25
97,8,40,3,120,U,1,1753.25
98,8,40,3,120,U,1,1883.25
99,8,40,3,120,U,1,514.5
100,8,40,3,120,U,1,1242.0
101,12,60,3,180,U,1,10108.75
102,12,60,3,180,S,1,1242.5,0,0,0,1,0,1
103,12,60,3,180,U,1,2462.0
104,12,60,3,180,S,1,791.75,1
105,12,60,3,180,U,1,2595.75
106,12,60,3,180,U,1,6813.5
107,12,60,3,180,U,1,4419.25
108,12,60,3,180,U,1,5794.75
109,12,60,3,180,S,1,1605.5,1,0,0,0,0,0,0,0,0,1
110,12,60,3,180,U,1,7645.75
111,16,80,3,240,U,1,14909.25
112,16,80,3,240,S,1,9367.25,0,1,1,1,0,1,1,1,0,1,0,1,0,1,1,1
113,16,80,3,240,U,1,24582.25
114,16,80,3,240,U,1,65818.0
115,16,80,3,240,U,1,24469.25
116,16,80,3,240,U,1,19894.75
117,16,80,3,240,U,1,23664.0
118,16,80,3,240,U,1,10190.0
119,16,80,3,240,U,1,20261.0
120,16,80,3,240,S,1,35544.5,0,0,0,1,0,0,1,0,0,1,1,1,1,0,1,1
121,18,90,3,270,U,1,38316.75
122,18,90,3,270,U,1,3228.0
123,18,90,3,270,U,1,44961.25
124,18,90,3,270,U,1,36739.25
125,18,90,3,270,U,1,16852.5
126,18,90,3,270,S,1,34320.25,0,1,1,0,1,0,1,0,0,1,1,0,1,0,0,0,1
127,18,90,3,270,S,1,2829.0,0,0,0,1,0,0,0,0,0,0,0,1,0,0,0,0,0,1
128,18,90,3,270,S,1,64529.0,1,0,0,1,1,0,1,1,0,0,0,0,1,1,0,1,1,1
129,18,90,3,270,U,1,63370.0
130,18,90,3,270,S,1,11341.25,0,1,1,1,1,0,1,1,1,0,1,0,0,0,1,0,1
131,20,100,3,300,S,1,31095.5,1,1,0,0,1,0,0,1,1,0,1,1,0,0,0,1,1,1,0,1
132,20,100,3,300,U,1,42088.75
133,20,100,3,300,S,1,31551.5,1,0,0,0,1,1,0,1,1,0,0,0,1,1,0,1
134,20,100,3,300,U,1,120477.5
135,20,100,3,300,S,1,64017.0,1,1,0,1,1,1,0,1,1,1,1,0,0,0,0,0,1,1,0,1
136,20,100,3,300,U,1,149231.0
137,20,100,3,300,U,1,43438.0
138,20,100,3,300,S,1,35223.25,1,0,0,1,0,0,0,0,1,0,1,0,1,1,1,1,1,1,1,1
139,20,100,3,300,U,1,80568.0
140,20,100,3,300,U,1,75575.0
141,22,110,3,330,S,1,122265.25,1,1,1,0,0,1,0,0,1,1,1,0,0,0,0,0,0,1,0,0,0,1
142,22,110,3,330,S,1,40305.5,1,0,0,1,0,1,0,1,0,1,0,0,0,1,0,0,0,1,1,0,1,1
143,22,110,3,330,U,1,235197.25
144,22,110,3,330,U,1,120987.75
145,22,110,3,330,U,1,273728.75
146,22,110,3,330,U,1,99712.25
147,22,110,3,330,U,1,146729.75
148,22,110,3,330,U,1,20006.25
149,22,110,3,330,S,1,211457.25,1,1,0,0,1,1,0,0,0,1,1,0,0,1,0,1,1,1
150,22,110,3,330,S,1,39054.75,0,0,1,0,0,1,0,1,0,0,1,1,1,1,0,1,0,1
151,24,120,3,360,U,1,441229.0
152,24,120,3,360,U,1,89243.25
153,24,120,3,360,U,1,204415.25
154,24,120,3,360,U,1,136732.0
155,24,120,3,360,U,1,196297.0
156,24,120,3,360,U,1,474032.5
157,24,120,3,360,U,1,303164.5
158,24,120,3,360,U,1,111308.0
159,24,120,3,360,U,1,166456.0
160,24,120,3,360,U,1,290754.5
161,4,40,4,160,S,1,311.0,1,1,1
162,4,40,4,160,U,1,645.5
163,4,40,4,160,U,1,207.75
164,4,40,4,160,S,1,265.0,0,1,0,1
165,4,40,4,160,S,1,865.5,1,1,0,1
166,4,40,4,160,S,1,382.75,0,0,0,1
167,4,40,4,160,S,1,481.5,0,0,1
168,4,40,4,160,S,1,664.25,1,1
169,4,40,4,160,S,1,535.0,1,1,1,1
170,4,40,4,160,S,1,643.25,0,1
171,8,80,4,320,S,1,6579.0,0,1,1,0,1,1,1
172,8,80,4,320,S,1,1230.75,1,0,1
173,8,80,4,320,S,1,1298.75,0,0,1,0,1,0,1
174,8,80,4,320,S,1,4156.5,1,0,1,1,0,1
175,8,80,4,320,S,1,1181.75,1,1
176,8,80,4,320,U,1,5578.0
177,8,80,4,320,U,1,8663.25
178,8,80,4,320,S,1,5216.0,1,1,1,1,1,0,1,1
179,8,80,4,320,U,1,6808.25
180,8,80,4,320,U,1,7043.25
181,12,120,4,480,S,1,15327.75,1,1,0,1,1,1,0,0,0,1,0,1
182,12,120,4,480,S,1,27439.25,0,1,1,1,0,0,0,0,1,1,0,1
183,12,120,4,480,S,1,7687.75,0,0,1,1,1
184,12,120,4,480,U,1,42312.25
185,12,120,4,480,S,1,28064.5,0,0,1,0,0,0,0,1,0,1,0,1
186,12,120,4,480,S,1,2396.75,0,0,0,1,0,1,0,0,0,0,1
187,12,120,4,480,U,1,14530.0
188,12,120,4,480,U,1,36152.5
189,12,120,4,480,U,1,29010.5
190,12,120,4,480,U,1,35731.75
191,16,160,4,640,S,1,147513.5,0,1,0,1,1,0,1,0,1,1,0,0,1,1,1
192,16,160,4,640,U,1,154498.25
193,16,160,4,640,U,1,88060.75
194,16,160,4,640,S,1,51188.25,0,1,1,1,0,1,0,0,0,1,0,0,0,0,1
195,16,160,4,640,S,1,78103.75,1,0,1,1,1,1,1,1,1,1,0,1,0,0,0,1
196,16,160,4,640,U,1,269131.0
197,16,160,4,640,U,1,155741.5
198,16,160,4,640,U,1,88984.25
199,16,160,4,640,S,1,202255.0,1,0,1,1,0,1,0,0,1,1,1,1,1,1,0,1
200,16,160,4,640,S,1,29640.5,0,0,1,0,1,0,0,1
201,18,180,4,720,S,1,355015.25,1,0,0,1,0,0,0,0,1,1,1,0,1,1,0,1
202,18,180,4,720,U,1,189324.0
203,18,180,4,720,S,1,216935.5,0,0,0,0,0,1,0,1,1,0,0,0,0,0,0,1,1,1
204,18,180,4,720,U,1,478621.25
205,18,180,4,720,U,1,227450.75
206,18,180,4,720,S,1,91534.5,1,0,1,0,0,0,1,0,1,1,1,0,0,0,1,0,1
207,18,180,4,720,U,1,551108.25
208,18,180,4,720,S,1,224300.5,1,1,0,0,1,1,0,0,1,1,0,0,1,0,1,1
209,18,180,4,720,U,1,382863.25
210,18,180,4,720,U,1,466868.25
211,20,200,4,800,S,1,1410668.25,0,1,1,0,0,1,0,0,0,1,1,1,1,0,1,0,1,1,1
212,20,200,4,800,U,1,1133514.0
213,20,200,4,800,S,1,399917.75,1,1,1,1,1,1,0,0,0,0,1,0,0,1,0,1,1,0,1,1
214,20,200,4,800,S,1,209098.75,0,0,0,0,0,0,1,1,0,0,1,0,1,0,1,0,0,1,1
215,20,200,4,800,U,1,1085381.25
216,20,200,4,800,U,1,845504.75
217,20,200,4,800,S,1,266060.25,0,0,0,0,0,1,0,0,1,1,1,0,1,0,0,1
218,20,200,4,800,U,1,921246.75
219,20,200,4,800,S,1,418053.0,0,0,1,0,1,0,0,1,0,0,1,1,1,0,1,0,1,0,1
220,20,200,4,800,U,1,1585064.0
221,22,220,4,880,U,1,3627918.0
222,22,220,4,880,U,1,1006322.5
223,22,220,4,880,S,1,71888.25,0,1,0,0,0,0,1,1,1,1,0,0,0,0,1,0,0,1,1,1,1
224,22,220,4,880,U,1,1989755.25
225,22,220,4,880,S,1,233963.5,1,0,1,0,0,0,0,0,0,0,1,1,1,1,1,1,0,1,1,1,1,1
226,22,220,4,880,U,1,2678618.0
227,22,220,4,880,S,1,1331412.5,0,1,0,0,0,1,0,1,0,1,0,0,1,1,1,0,1,0,1,0,1
228,22,220,4,880,U,1,1841499.75
229,22,220,4,880,S,1,972480.5,1,0,0,1,0,0,0,0,0,1,0,0,0,1,0,1,1,0,0,0,1,1
230,22,220,4,880,U,1,2060993.5
231,24,240,4,960,U,1,5932918.0
232,24,240,4,960,S,1,7253955.75,1,1,1,0,0,0,0,1,0,1,1,0,1,0,0,0,1,1,0,1,1,0,1
233,24,240,4,960,U,1,4710344.0
234,24,240,4,960,S,1,2353275.75,1,1,0,0,0,0,1,1,1,0,0,1,1,0,0,0,1,0,0,0,1,0,1
235,24,240,4,960,S,1,3972313.0,1,0,0,1,0,1,0,1,0,1,1,1,0,0,1,0,1,1,0,1,0,0,0,1
236,24,240,4,960,U,1,4662678.5
237,24,240,4,960,S,1,1274027.75,1,1,1,1,0,1,0,1,0,1,0,1,1,0,0,1,1,0,0,0,1,0,1
238,24,240,4,960,S,1,2083669.75,0,1,1,1,1,0,0,1,0,1,1,0,1,0,1,0,0,1,0,1,0,0,0,1
239,24,240,4,960,U,1,5152603.75
240,24,240,4,960,S,1,180551.5,0,0,0,1,0,1,0,1,0,0,0,0,1,1,1,1,1,1,1,0,1,1,1
241,4,40,5,200,S,1,295.0,0,1,0,1
242,4,40,5,200,S,1,362.75,0,0,0,1
243,4,40,5,200,S,1,605.75,1,1,1
244,4,40,5,200,S,1,411.0,0,1
245,4,40,5,200,S,1,245.25,0,1
246,4,40,5,200,S,1,340.25,0,1,1
247,4,40,5,200,S,1,484.25,0,0,1
248,4,40,5,200,S,1,922.5,1,1,1,1
249,4,40,5,200,S,1,469.0,0,1,1
250,4,40,5,200,S,1,396.5,0,1,1
251,8,80,5,400,S,1,1430.75,1,0,1,0,0,0,1
252,8,80,5,400,S,1,1835.75,0,0,0,1,1,1,1
253,8,80,5,400,S,1,1498.0,1,0,0,1,0,0,0,1
254,8,80,5,400,S,1,1181.25,1,0,0,0,1,0,1
255,8,80,5,400,S,1,2205.5,0,0,0,1,0,1
256,8,80,5,400,S,1,3560.75,1,0,0,0,0,0,0,1
257,8,80,5,400,S,1,1000.25,0,0,1,0,0,1
258,8,80,5,400,S,1,2081.5,0,1,0,1,0,0,0,1
259,8,80,5,400,S,1,2664.0,0,1,0,0,1,0,0,1
260,8,80,5,400,S,1,1516.5,0,0,0,0,0,0,0,1
261,12,120,5,600,S,1,2284.25,1,0,0,0,0,0,1,0,0,0,0,1
262,12,120,5,600,S,1,14394.5,0,0,0,1,0,0,0,1,0,0,1
263,12,120,5,600,S,1,2207.5,0,0,0,0,0,0,0,0,0,1
264,12,120,5,600,S,1,15567.75,0,0,1,1,0,0,0,0,0,1
265,12,120,5,600,S,1,8561.75,0,1,0,0,1,0,0,1,1,0,1,1
266,12,120,5,600,S,1,6592.75,1,0,0,0,1,0,1,0,0,0,0,1
267,12,120,5,600,S,1,5507.25,1,0,1,0,0,0,1,0,0,0,1,1
268,12,120,5,600,S,1,9539.75,0,0,0,0,0,1,0,1,1
269,12,120,5,600,S,1,2189.5,0,0,0,1
270,12,120,5,600,S,1,6902.0,0,1,1,1,1,0,0,1,0,0,0,1
271,16,160,5,800,S,1,5827.75,1,0,0,0,1,0,1
272,16,160,5,800,S,1,81651.75,0,1,0,1,1,0,0,0,0,0,1,1,1,1,1
273,16,160,5,800,S,1,108604.75,1,0,0,0,0,0,1,1,0,0,0,0,0,0,1,1
274,16,160,5,800,S,1,38516.0,1,0,0,0,0,0,1,1,0,0,0,0,1,0,1,1
275,16,160,5,800,S,1,4095.5,0,0,0,1,0,0,0,0,0,1,0,1,0,0,1
276,16,160,5,800,S,1,11857.25,1,0,0,0,0,0,0,0,0,0,0,0,0,1,1
277,16,160,5,800,S,1,31345.75,0,0,0,0,0,0,0,0,1,1,0,1
278,16,160,5,800,S,1,21035.0,0,0,0,0,0,0,0,0,0,0,1,1,1
279,16,160,5,800,S,1,12680.0,0,1,1,0,0,1,0,0,1,0,0,1,0,1
280,16,160,5,800,S,1,5293.0,0,0,1,0,0,1,1,0,1,1
281,18,180,5,900,S,1,5947.0,0,1,1,0,0,0,0,0,0,0,1,0,0,0,0,0,1
282,18,180,5,900,S,1,55140.5,0,1,0,0,0,1,1,0,1,0,0,1,0,1,1
283,18,180,5,900,S,1,139053.25,0,0,1,1,0,0,0,0,0,0,0,0,1,0,1,0,1
284,18,180,5,900,S,1,106790.75,0,1,0,0,0,0,0,0,0,1,1,0,0,0,1,1,1,1
285,18,180,5,900,S,1,114659.75,1,1,0,0,0,1,0,0,1,0,0,0,0,0,0,1,1,1
286,18,180,5,900,S,1,26096.5,0,0,0,0,0,0,1,0,1,1,0,0,0,0,0,1
287,18,180,5,900,S,1,6046.25,0,0,0,0,0,1,0,0,0,1,0,0,1,1,0,0,0,1
288,18,180,5,900,S,1,29306.5,0,0,0,0,0,0,0,1,1,0,0,0,1,0,0,0,1,1
289,18,180,5,900,S,1,40199.5,1,0,0,1,0,0,0,1,0,1,1,1,0,0,0,1
290,18,180,5,900,S,1,6538.5,0,0,0,0,1,1,0,0,0,0,0,0,0,1
291,20,200,5,1000,S,1,105027.0,1,0,0,0,0,0,0,0,0,0,0,1,0,1,0,0,1,1,0,1
292,20,200,5,1000,S,1,226384.0,1,0,1,1,0,0,1,1,0,0,0,0,1,0,1,0,1
293,20,200,5,1000,S,1,48584.0,1,0,0,0,0,1,1,0,1,0,0,1,0,0,0,0,1
294,20,200,5,1000,S,1,151906.75,0,1,1,0,0,0,0,0,0,0,0,0,1,0,0,1
295,20,200,5,1000,S,1,37363.5,0,0,1,0,1,0,0,1,0,1,1,0,1,1,0,0,1
296,20,200,5,1000,S,1,34835.25,1,0,0,0,1,0,0,1,0,1,0,0,0,0,1,1
297,20,200,5,1000,S,1,66589.5,0,1,1,0,1,1,0,0,0,0,0,0,1,0,0,1,0,1,0,1
298,20,200,5,1000,S,1,49909.75,0,0,1,0,0,1,0,0,0,0,0,0,0,0,0,0,0,0,1
299,20,200,5,1000,S,1,156669.5,1,0,0,0,1,1,0,0,0,0,0,1,0,0,1
300,20,200,5,1000,S,1,13827.0,0,0,0,0,0,0,0,1,0,0,0,0,0,1,0,0,1,0,1
301,22,220,5,1100,S,1,52085.0,1,0,0,0,0,1,0,1,0,0,0,0,1,1,1,0,1
302,22,220,5,1100,S,1,16979.0,0,0,0,0,1,1,0,0,0,1,0,0,0,0,0,0,1,0,0,0,1
303,22,220,5,1100,S,1,8152.0,0,0,0,0,0,0,0,0,0,0,0,0,0,0,0,0,0,1,1,1
304,22,220,5,1100,S,1,13826.5,0,0,0,0,0,0,0,0,0,1,1,0,0,0,0,1,1
305,22,220,5,1100,S,1,360167.5,0,0,1,1,1,0,0,0,1,1,0,0,0,0,0,0,0,1
306,22,220,5,1100,S,1,189724.5,0,0,1,0,1,0,1,0,0,1,1,0,0,0,0,0,0,0,0,1
307,22,220,5,1100,S,1,9636.0,0,0,0,0,1,0,0,0,0,0,1,0,0,0,0,1,0,0,1
308,22,220,5,1100,S,1,332820.0,1,1,1,0,0,1,0,0,0,0,0,1,0,1,0,1,1,0,0,0,1
309,22,220,5,1100,S,1,53022.0,0,0,0,0,0,0,0,1,0,0,1,0,1,0,0,0,1
310,22,220,5,1100,S,1,20822.5,0,0,0,1,0,1,0,0,0,0,0,0,1,0,0,0,1,0,1
311,24,240,5,1200,S,1,129923.0,0,1,0,1,1,1,0,0,0,0,0,0,1,0,1,1,0,0,1
312,24,240,5,1200,S,1,28135.25,0,0,1,0,0,0,0,1,0,0,0,0,0,1,0,0,1,0,0,0,0,0,1
313,24,240,5,1200,S,1,27540.75,1,0,0,0,0,0,0,1,0,0,1,0,0,0,1,0,0,1
314,24,240,5,1200,S,1,26455.0,0,0,0,0,1,0,1,0,0,1,0,0,1,1,1
315,24,240,5,1200,S,1,623702.25,1,0,0,1,0,1,1,1,0,0,0,0,0,0,0,1,1,0,0,0,0,0,0,1
316,24,240,5,1200,S,1,13416.75,0,0,1,1,0,0,1,0,1,0,1,0,1,0,0,0,0,1
317,24,240,5,1200,S,1,35770.0,0,0,0,0,0,1,0,0,0,0,0,1,0,1,1
318,24,240,5,1200,S,1,564238.5,1,1,0,0,0,0,0,1,0,1,0,1,0,0,0,1,0,0,0,1
319,24,240,5,1200,S,1,9188.5,0,0,0,0,0,0,0,0,0,0,0,0,0,0,0,1,1
320,24,240,5,1200,S,1,201739.75,0,0,0,0,0,1,0,0,1,0,0,0,0,1,1,1,0,0,1,0,0,0,1
321,4,40,6,240,S,1,642.25,0,0,1
322,4,40,6,240,S,1,298.5,0,0,1
323,4,40,6,240,S,1,405.25,0,0,0,1
324,4,40,6,240,S,1,389.0,0,0,1
325,4,40,6,240,S,1,407.75,0,1,0,1
326,4,40,6,240,S,1,364.25,1
327,4,40,6,240,S,1,350.0,0,0,1
328,4,40,6,240,S,1,392.5,0,1,1
329,4,40,6,240,S,1,414.25,0,0,0,1
330,4,40,6,240,S,1,299.0,0,1
331,8,80,6,480,S,1,1092.0,0,0,0,0,0,1
332,8,80,6,480,S,1,2598.25,0,0,0,0,0,1
333,8,80,6,480,S,1,1210.5,0,0,0,1
334,8,80,6,480,S,1,1203.0,0,1,0,1
335,8,80,6,480,S,1,1109.0,0,1
336,8,80,6,480,S,1,1481.25,0,0,0,0,0,0,1
337,8,80,6,480,S,1,2108.75,0,0,0,0,0,1
338,8,80,6,480,S,1,3212.25,0,1,0,0,0,0,1,1
339,8,80,6,480,S,1,1356.5,0,0,0,0,0,1,0,1
340,8,80,6,480,S,1,1411.25,0,0,0,1
341,12,120,6,720,S,1,4510.75,0,0,0,0,1
342,12,120,6,720,S,1,3723.75,0,0,0,0,0,1,0,0,0,0,1
343,12,120,6,720,S,1,3827.75,0,0,0,1,0,1,0,0,0,0,0,1
344,12,120,6,720,S,1,7664.5,0,0,0,0,0,0,1,1,0,0,0,1
345,12,120,6,720,S,1,3327.5,0,0,1,0,0,1
346,12,120,6,720,S,1,3115.0,0,0,0,0,0,0,0,0,0,1
347,12,120,6,720,S,1,3291.5,0,0,0,0,0,0,0,0,0,1
348,12,120,6,720,S,1,2557.5,0,0,0,0,0,0,0,0,0,0,1
349,12,120,6,720,S,1,5875.5,1,0,0,0,0,1,0,0,0,1,1
350,12,120,6,720,S,1,2747.75,0,0,0,0,0,0,0,0,1
351,16,160,6,960,S,1,5269.5,0,0,0,0,0,0,1,1,0,0,1
352,16,160,6,960,S,1,41765.0,1,0,1,0,0,1,0,0,0,0,1,0,0,0,1
353,16,160,6,960,S,1,16645.5,0,0,0,0,0,0,0,0,0,0,0,0,0,1,0,1
354,16,160,6,960,S,1,5058.25,0,0,0,0,0,0,0,0,1,1
355,16,160,6,960,S,1,4523.75,0,0,1,0,0,1
356,16,160,6,960,S,1,11956.0,0,0,0,0,0,1,0,0,0,0,0,1
357,16,160,6,960,S,1,5097.0,0,0,0,1,0,0,0,1,0,1,0,0,0,0,0,1
358,16,160,6,960,S,1,7348.0,0,0,0,0,1,1,0,0,1
359,16,160,6,960,S,1,5314.5,0,0,0,1,0,0,1,0,0,1
360,16,160,6,960,S,1,7313.75,0,0,0,1,0,0,0,0,0,0,0,0,0,0,0,1
361,18,180,6,1080,S,1,6127.75,0,0,0,1,0,0,0,0,0,1
362,18,180,6,1080,S,1,16925.0,1
363,18,180,6,1080,S,1,11139.0,0,1,0,0,0,0,1,0,0,0,0,0,0,0,0,1,0,1
364,18,180,6,1080,S,1,5460.75,0,0,0,0,0,0,0,0,0,0,0,0,0,0,1
365,18,180,6,1080,S,1,5652.5,1,0,0,1,0,0,0,0,0,0,0,0,0,0,0,1
366,18,180,6,1080,S,1,7421.25,0,0,0,0,0,0,0,0,0,0,0,1,0,0,0,0,1,1
367,18,180,6,1080,S,1,5558.25,0,0,0,0,0,0,0,0,0,1,0,0,0,0,0,0,0,1
368,18,180,6,1080,S,1,5562.25,0,0,0,0,0,0,0,0,0,1
369,18,180,6,1080,S,1,11127.75,0,0,1,0,0,1,0,0,0,0,0,0,0,1
370,18,180,6,1080,S,1,6309.0,0,0,0,0,1,0,0,0,0,0,0,0,1,0,1
371,20,200,6,1200,S,1,7414.5,1,0,0,0,1,0,0,0,0,0,0,1,0,0,1
372,20,200,6,1200,S,1,15228.25,1,0,0,0,1,1,0,0,0,0,0,1,0,1,1,0,0,1
373,20,200,6,1200,S,1,7334.5,0,0,0,0,0,0,1,0,0,0,0,0,1,0,1
374,20,200,6,1200,S,1,7206.5,0,1,1
375,20,200,6,1200,S,1,14496.0,0,0,0,0,0,0,0,0,0,1,0,0,0,0,0,0,1
376,20,200,6,1200,S,1,7470.0,1,0,0,0,0,0,0,0,0,0,0,0,0,0,1
377,20,200,6,1200,S,1,48544.5,0,0,1,0,0,0,0,0,0,0,0,0,0,1,0,0,0,1
378,20,200,6,1200,S,1,7343.0,0,0,0,0,0,0,0,0,0,0,0,0,0,0,0,1,1
379,20,200,6,1200,S,1,9928.0,1,0,0,0,0,0,0,0,0,0,0,1,0,0,0,0,1,1
380,20,200,6,1200,S,1,7526.0,0,0,1,0,0,0,0,0,0,0,0,0,0,0,0,1
381,22,220,6,1320,S,1,11560.25,0,0,0,1,0,0,1,0,0,0,0,0,0,0,0,0,0,0,1
382,22,220,6,1320,S,1,78129.0,0,1,1,0,1,1,0,0,0,0,0,0,0,0,0,0,0,0,0,0,1
383,22,220,6,1320,S,1,20317.0,0,0,0,0,0,0,0,0,1,0,0,0,0,1,0,0,1,0,0,1,0,1
384,22,220,6,1320,S,1,9088.75,0,0,0,0,0,1,0,0,0,0,1,0,1
385,22,220,6,1320,S,1,8595.5,0,0,0,0,0,1
386,22,220,6,1320,S,1,9905.25,0,0,0,1,0,0,0,1,0,1,1,0,1,0,0,0,0,0,0,1
387,22,220,6,1320,S,1,9351.5,0,0,0,0,0,0,0,0,0,0,1,1,1,1,0,0,0,0,0,0,0,1
388,22,220,6,1320,S,1,15563.25,0,0,0,0,0,1,0,0,0,0,0,0,0,0,0,0,1
389,22,220,6,1320,S,1,19065.5,0,0,0,0,0,0,0,0,0,0,0,1,0,0,0,0,0,1
390,22,220,6,1320,S,1,17365.75,0,0,0,0,0,0,0,0,0,1,0,0,0,1,0,1,0,0,0,0,0,1
391,24,240,6,1440,S,1,13486.75,0,0,0,0,0,1,0,0,0,0,0,0,0,0,1
392,24,240,6,1440,S,1,11927.5,0,0,1,0,1,1,0,1
393,24,240,6,1440,S,1,10036.75,0,0,1,0,0,0,0,0,0,0,0,0,0,0,0,1
394,24,240,6,1440,S,1,9771.0,0,0,0,0,0,1
395,24,240,6,1440,S,1,10549.75,0,0,1,0,0,0,0,0,0,0,0,1,0,0,0,0,0,0,1
396,24,240,6,1440,S,1,10167.5,0,0,0,0,0,0,0,0,0,0,0,0,0,0,0,0,1,0,0,1
397,24,240,6,1440,S,1,16038.25,0,0,0,0,0,0,1,1,0,0,0,0,0,0,0,0,1,0,0,0,0,0,1
398,24,240,6,1440,S,1,14167.5,0,0,0,0,0,0,0,1,0,0,0,0,0,0,0,0,0,1,0,1,0,1
399,24,240,6,1440,S,1,54257.25,0,0,0,0,1,0,0,0,0,0,0,0,0,0,0,0,0,0,0,0,0,0,1
400,24,240,6,1440,S,1,11523.25,0,0,0,0,0,1,0,0,0,0,1,0,1,0,1,0,0,0,0,1
kSAT,Triple M,400,257,143,400,400
